model,delta_total,delta_total_stddev,delta_total_stderr,path
C87S_C93Y_model,-60.0437,14.6346,0.4628,/data/wcf/AF3_prediction/IgGM_2d4d2_sh3_op_260126_part3_100ns_amber_try5/gpu7/C87S_C93Y_model/FINAL_RESULTS_MMGBSA_BINDING.dat
C87Y_E96S_model,-37.6369,31.044,0.9817,/data/wcf/AF3_prediction/IgGM_2d4d2_sh3_op_260126_part3_100ns_amber_try5/gpu5/C87Y_E96S_model/FINAL_RESULTS_MMGBSA_BINDING.dat
C87Y_Y92D_model,-37.3448,40.616,1.2844,/data/wcf/AF3_prediction/IgGM_2d4d2_sh3_op_260126_part3_100ns_amber_try5/gpu4/C87Y_Y92D_model/FINAL_RESULTS_MMGBSA_BINDING.dat
C93Y_Y94A_model,-51.9999,11.6875,0.37,/data/wcf/AF3_prediction/IgGM_2d4d2_sh3_op_260126_part3_100ns_amber_try5/gpu6/C93Y_Y94A_model/FINAL_RESULTS_MMGBSA_BINDING.dat
D89S_C93Y_H95Y_model,-76.4873,13.2851,0.4207,/data/wcf/AF3_prediction/IgGM_2d4d2_sh3_op_260126_part3_100ns_amber_try5/gpu4/D89S_C93Y_H95Y_model/FINAL_RESULTS_MMGBSA_BINDING.dat
D89S_G91D_model,-12.3071,19.9894,0.6321,/data/wcf/AF3_prediction/IgGM_2d4d2_sh3_op_260126_part3_100ns_amber_try5/gpu4/D89S_G91D_model/FINAL_RESULTS_MMGBSA_BINDING.dat
D89S_model,-54.4867,9.6854,0.3066,/data/wcf/AF3_prediction/IgGM_2d4d2_sh3_op_260126_part3_100ns_amber_try5/gpu7/D89S_model/FINAL_RESULTS_MMGBSA_BINDING.dat
E82A_C93Y_model,-47.6178,12.1381,0.3842,/data/wcf/AF3_prediction/IgGM_2d4d2_sh3_op_260126_part3_100ns_amber_try5/gpu3/E82A_C93Y_model/FINAL_RESULTS_MMGBSA_BINDING.dat
E82L_E96R_model,-37.6898,33.808,1.0691,/data/wcf/AF3_prediction/IgGM_2d4d2_sh3_op_260126_part3_100ns_amber_try5/gpu1/E82L_E96R_model/FINAL_RESULTS_MMGBSA_BINDING.dat
E82L_E96V_model,-94.8621,18.8226,0.5952,/data/wcf/AF3_prediction/IgGM_2d4d2_sh3_op_260126_part3_100ns_amber_try5/gpu6/E82L_E96V_model/FINAL_RESULTS_MMGBSA_BINDING.dat
E96V_model,-62.9098,20.2303,0.6397,/data/wcf/AF3_prediction/IgGM_2d4d2_sh3_op_260126_part3_100ns_amber_try5/gpu3/E96V_model/FINAL_RESULTS_MMGBSA_BINDING.dat
S85I_G91D_H95Y_model,-54.7142,13.5845,0.43,/data/wcf/AF3_prediction/IgGM_2d4d2_sh3_op_260126_part3_100ns_amber_try5/gpu0/S85I_G91D_H95Y_model/FINAL_RESULTS_MMGBSA_BINDING.dat
S85I_G91D_model,-29.9239,27.1877,0.8597,/data/wcf/AF3_prediction/IgGM_2d4d2_sh3_op_260126_part3_100ns_amber_try5/gpu0/S85I_G91D_model/FINAL_RESULTS_MMGBSA_BINDING.dat
S85I_model,-46.7166,9.9509,0.3147,/data/wcf/AF3_prediction/IgGM_2d4d2_sh3_op_260126_part3_100ns_amber_try5/gpu6/S85I_model/FINAL_RESULTS_MMGBSA_BINDING.dat
S85M_D89S_Y92D_H95Y_model,-37.9705,37.8685,1.1975,/data/wcf/AF3_prediction/IgGM_2d4d2_sh3_op_260126_part3_100ns_amber_try5/gpu0/S85M_D89S_Y92D_H95Y_model/FINAL_RESULTS_MMGBSA_BINDING.dat
S85M_D89S_Y94T_model,-40.4539,20.1683,0.6378,/data/wcf/AF3_prediction/IgGM_2d4d2_sh3_op_260126_part3_100ns_amber_try5/gpu5/S85M_D89S_Y94T_model/FINAL_RESULTS_MMGBSA_BINDING.dat
S85M_E96S_model,-48.2582,8.4133,0.2663,/data/wcf/AF3_prediction/IgGM_2d4d2_sh3_op_260126_part3_100ns_amber_try5/gpu5/S85M_E96S_model/FINAL_RESULTS_MMGBSA_BINDING.dat
S85M_E96V_model,-28.0825,34.678,1.0966,/data/wcf/AF3_prediction/IgGM_2d4d2_sh3_op_260126_part3_100ns_amber_try5/gpu4/S85M_E96V_model/FINAL_RESULTS_MMGBSA_BINDING.dat
S85M_G91D_Y94T_model,-45.18,47.003,1.4864,/data/wcf/AF3_prediction/IgGM_2d4d2_sh3_op_260126_part3_100ns_amber_try5/gpu5/S85M_G91D_Y94T_model/FINAL_RESULTS_MMGBSA_BINDING.dat
S85M_S86G_model,-22.9729,29.0862,0.9198,/data/wcf/AF3_prediction/IgGM_2d4d2_sh3_op_260126_part3_100ns_amber_try5/gpu3/S85M_S86G_model/FINAL_RESULTS_MMGBSA_BINDING.dat
S85T_D89S_G91D_H95Y_model,-73.3895,20.7015,0.6553,/data/wcf/AF3_prediction/IgGM_2d4d2_sh3_op_260126_part3_100ns_amber_try5/gpu2/S85T_D89S_G91D_H95Y_model/FINAL_RESULTS_MMGBSA_BINDING.dat
S85T_H95Y_model,-59.0702,14.4891,0.4582,/data/wcf/AF3_prediction/IgGM_2d4d2_sh3_op_260126_part3_100ns_amber_try5/gpu1/S85T_H95Y_model/FINAL_RESULTS_MMGBSA_BINDING.dat
S85T_Y92D_C93Y_H95Y_model,-12.018,20.1953,0.6386,/data/wcf/AF3_prediction/IgGM_2d4d2_sh3_op_260126_part3_100ns_amber_try5/gpu3/S85T_Y92D_C93Y_H95Y_model/FINAL_RESULTS_MMGBSA_BINDING.dat
S85T_model,-78.1462,12.2666,0.3879,/data/wcf/AF3_prediction/IgGM_2d4d2_sh3_op_260126_part3_100ns_amber_try5/gpu2/S85T_model/FINAL_RESULTS_MMGBSA_BINDING.dat
S86G_E96S_model,-15.0559,21.8495,0.6909,/data/wcf/AF3_prediction/IgGM_2d4d2_sh3_op_260126_part3_100ns_amber_try5/gpu0/S86G_E96S_model/FINAL_RESULTS_MMGBSA_BINDING.dat
S86G_G91S_model,-43.2274,13.5192,0.4279,/data/wcf/AF3_prediction/IgGM_2d4d2_sh3_op_260126_part3_100ns_amber_try5/gpu1/S86G_G91S_model/FINAL_RESULTS_MMGBSA_BINDING.dat
S86R_Y92D_model,-77.7881,25.5464,0.8078,/data/wcf/AF3_prediction/IgGM_2d4d2_sh3_op_260126_part3_100ns_amber_try5/gpu7/S86R_Y92D_model/FINAL_RESULTS_MMGBSA_BINDING.dat
WT_original_model,-19.0136,19.6152,0.6203,/data/wcf/AF3_prediction/IgGM_2d4d2_sh3_op_260126_part3_100ns_amber_try5/WT_original_gpu7/WT_original_model/FINAL_RESULTS_MMGBSA_BINDING.dat
Y84A_S85T_model,-76.451,18.0019,0.5693,/data/wcf/AF3_prediction/IgGM_2d4d2_sh3_op_260126_part3_100ns_amber_try5/gpu2/Y84A_S85T_model/FINAL_RESULTS_MMGBSA_BINDING.dat
Y84A_S86G_model,-66.7925,25.3003,0.8001,/data/wcf/AF3_prediction/IgGM_2d4d2_sh3_op_260126_part3_100ns_amber_try5/gpu1/Y84A_S86G_model/FINAL_RESULTS_MMGBSA_BINDING.dat
Y84R_S85T_model,-27.2344,23.4315,0.741,/data/wcf/AF3_prediction/IgGM_2d4d2_sh3_op_260126_part3_100ns_amber_try5/gpu2/Y84R_S85T_model/FINAL_RESULTS_MMGBSA_BINDING.dat
